[
  {
    "IDENTIFICACIÓN": "MAN-001",
    "EQUIPO  /  INSTRUMENTO": "MANÓMETRO DIGITAL",
    "FABRICANTE": "CRYSTAL",
    "CERTIFICADO No. ": "MIS-LP-2025-01-0214",
    "MODELO": "XP2i",
    "SERIE ": "357309",
    "FECHA DE CALIBRACION": "2025-01-24 00:00:00",
    "FECHA PROXIMA CALIBRACIÓN": "2026-01-24 00:00:00",
    "ESTADO": "CERTIFICADO",
    "RANGO": "0-3000 psi",
    "ORIGEN": "PLANTA"
  },
  {
    "IDENTIFICACIÓN": "MAN-002",
    "EQUIPO  /  INSTRUMENTO": "MANÓMETRO DIGITAL",
    "FABRICANTE": "ADDITEL",
    "CERTIFICADO No. ": "MIS-LP-2024-12-1761",
    "MODELO": "681",
    "SERIE ": "211H200A0024",
    "FECHA DE CALIBRACION": "2024-12-09 00:00:00",
    "FECHA PROXIMA CALIBRACIÓN": "2025-12-09 00:00:00",
    "ESTADO": "CERTIFICADO",
    "RANGO": "0-3000 psi",
    "ORIGEN": "PLANTA"
  },
  {
    "IDENTIFICACIÓN": "MAN-003",
    "EQUIPO  /  INSTRUMENTO": "MANÓMETRO DIGITAL",
    "FABRICANTE": "AMETEK CRYSTAL",
    "CERTIFICADO No. ": "MIS-LP-2024-12-1618",
    "MODELO": "XP2i",
    "SERIE ": "104696",
    "FECHA DE CALIBRACION": "2024-12-02 00:00:00",
    "FECHA PROXIMA CALIBRACIÓN": "2025-12-02 00:00:00",
    "ESTADO": "CERTIFICADO",
    "RANGO": "0-5000 psi",
    "ORIGEN": "PLANTA"
  },
  {
    "IDENTIFICACIÓN": "MAN-004",
    "EQUIPO  /  INSTRUMENTO": "MANÓMETRO Y TRANSMISOR DE BAJA PRESIÓN",
    "FABRICANTE": "SIEMENS",
    "CERTIFICADO No. ": "MIS-LP-2024-1440",
    "MODELO": "D-76181",
    "SERIE ": "N1-T503-9508911",
    "FECHA DE CALIBRACION": "2024-10-29 00:00:00",
    "FECHA PROXIMA CALIBRACIÓN": "2025-10-29 00:00:00",
    "ESTADO": "CERTIFICADO",
    "RANGO": "0-3,61 psi",
    "ORIGEN": "PLANTA"
  },
  {
    "IDENTIFICACIÓN": "MAN-005",
    "EQUIPO  /  INSTRUMENTO": "MANÓMETRO DIGITAL",
    "FABRICANTE": "AMETEK CRYSTAL",
    "CERTIFICADO No. ": "12652",
    "MODELO": "XP2i",
    "SERIE ": "322944",
    "FECHA DE CALIBRACION": "2025-04-28 00:00:00",
    "FECHA PROXIMA CALIBRACIÓN": "2026-04-28 00:00:00",
    "ESTADO": "CERTIFICADO",
    "RANGO": "0-1000 psi",
    "ORIGEN": "PLANTA"
  },
  {
    "IDENTIFICACIÓN": "FLX-001",
    "EQUIPO  /  INSTRUMENTO": "FLEXÓMETRO",
    "FABRICANTE": "TRUPER",
    "CERTIFICADO No. ": "CD-10090",
    "MODELO": "FH-5M",
    "SERIE ": "UK 0126 0022",
    "FECHA DE CALIBRACION": "2025-05-19 00:00:00",
    "FECHA PROXIMA CALIBRACIÓN": "2026-05-19 00:00:00",
    "ESTADO": "CERTIFICADO",
    "RANGO": "5m",
    "ORIGEN": "PLANTA"
  },
  {
    "IDENTIFICACIÓN": "PDR-001",
    "EQUIPO  /  INSTRUMENTO": "PIE DE REY DIGITAL ",
    "FABRICANTE": "INSIZE",
    "CERTIFICADO No. ": "CD-10088",
    "MODELO": "1108-200",
    "SERIE ": "1212181369",
    "FECHA DE CALIBRACION": "2025-05-19 00:00:00",
    "FECHA PROXIMA CALIBRACIÓN": "2026-05-19 00:00:00",
    "ESTADO": "CERTIFICADO",
    "RANGO": "0-200 mm",
    "ORIGEN": "PLANTA"
  },
  {
    "IDENTIFICACIÓN": "PDR-002",
    "EQUIPO  /  INSTRUMENTO": "PIE DE REY DIGITAL ",
    "FABRICANTE": "MITUTOYO",
    "CERTIFICADO No. ": "CD-10089",
    "MODELO": "CD-6\" CSX-B",
    "SERIE ": "BH010822",
    "FECHA DE CALIBRACION": "2025-05-19 00:00:00",
    "FECHA PROXIMA CALIBRACIÓN": "2026-05-19 00:00:00",
    "ESTADO": "CERTIFICADO",
    "RANGO": "0-150 mm",
    "ORIGEN": "PLANTA"
  },
  {
    "IDENTIFICACIÓN": "THB-001",
    "EQUIPO  /  INSTRUMENTO": "TERMOHIGROBAROMETRO",
    "FABRICANTE": "TESTO",
    "CERTIFICADO No. ": "HR-4914-25 // TE-8606-25 ",
    "MODELO": "622",
    "SERIE ": "39536692/0323",
    "FECHA DE CALIBRACION": "2025-02-07 00:00:00",
    "FECHA PROXIMA CALIBRACIÓN": "2026-02-07 00:00:00",
    "ESTADO": "CERTIFICADO",
    "RANGO": "0-100% // -20°C a 60°C",
    "ORIGEN": "PLANTA"
  },
  {
    "IDENTIFICACIÓN": null,
    "EQUIPO  /  INSTRUMENTO": null,
    "FABRICANTE": null,
    "CERTIFICADO No. ": " MET-LP-CC 12662",
    "MODELO": null,
    "SERIE ": null,
    "FECHA DE CALIBRACION": "2025-05-22 00:00:00",
    "FECHA PROXIMA CALIBRACIÓN": "2026-05-22 00:00:00",
    "ESTADO": "CERTIFICADO",
    "RANGO": " 300 hPa a 1200 hPa",
    "ORIGEN": "PLANTA"
  },
  {
    "IDENTIFICACIÓN": "THB-002",
    "EQUIPO  /  INSTRUMENTO": "TERMOHIGROMETRO",
    "FABRICANTE": "KEX GERMANY",
    "CERTIFICADO No. ": "HR-28703 // TA-28702 ",
    "MODELO": "'SH-172",
    "SERIE ": "50898",
    "FECHA DE CALIBRACION": "2025-05-21 00:00:00",
    "FECHA PROXIMA CALIBRACIÓN": "2026-05-21 00:00:00",
    "ESTADO": "CERTIFICADO",
    "RANGO": "10-90% // -50°C a 70°C",
    "ORIGEN": "PLANTA"
  },
  {
    "IDENTIFICACIÓN": "CEC-001",
    "EQUIPO  /  INSTRUMENTO": "DINAMOMETRO",
    "FABRICANTE": "TRUMAX",
    "CERTIFICADO No. ": "7125",
    "MODELO": "SA-1Kglb",
    "SERIE ": "J181015117",
    "FECHA DE CALIBRACION": "2022-11-15 00:00:00",
    "FECHA PROXIMA CALIBRACIÓN": "2023-11-15 00:00:00",
    "ESTADO": "VENCIDO",
    "RANGO": "454 KILOS",
    "ORIGEN": "VST1"
  },
  {
    "IDENTIFICACIÓN": "CEC-002",
    "EQUIPO  /  INSTRUMENTO": "DINAMOMETRO",
    "FABRICANTE": "GALOCE",
    "CERTIFICADO No. ": "7838",
    "MODELO": "G55406",
    "SERIE ": "20110066/VST1",
    "FECHA DE CALIBRACION": "2024-03-12 00:00:00",
    "FECHA PROXIMA CALIBRACIÓN": "2025-03-12 00:00:00",
    "ESTADO": "VENCIDO",
    "RANGO": "1.01 TONELADA",
    "ORIGEN": "VST1"
  },
  {
    "IDENTIFICACIÓN": "CEC-004",
    "EQUIPO  /  INSTRUMENTO": "DINAMOMETRO",
    "FABRICANTE": "BBG",
    "CERTIFICADO No. ": null,
    "MODELO": "TSC",
    "SERIE ": "810551",
    "FECHA DE CALIBRACION": null,
    "FECHA PROXIMA CALIBRACIÓN": "1900-12-30 00:00:00",
    "ESTADO": "VENCIDO",
    "RANGO": "1 TONELADA",
    "ORIGEN": "VST1"
  },
  {
    "IDENTIFICACIÓN": "CEC-003",
    "EQUIPO  /  INSTRUMENTO": "DINAMOMETRO",
    "FABRICANTE": "TRUMAX",
    "CERTIFICADO No. ": "7966",
    "MODELO": "SC-5Klb",
    "SERIE ": "M190927007",
    "FECHA DE CALIBRACION": "2024-06-05 00:00:00",
    "FECHA PROXIMA CALIBRACIÓN": "2025-06-05 00:00:00",
    "ESTADO": "VENCIDO",
    "RANGO": "2.2 TONELADAS",
    "ORIGEN": "VST1"
  },
  {
    "IDENTIFICACIÓN": "TP-001",
    "EQUIPO  /  INSTRUMENTO": "TRANSMISOR DE PRESION CON INDICACION DIGITAL",
    "FABRICANTE": "RITHERM",
    "CERTIFICADO No. ": "MIS-LP-2024-12-1891",
    "MODELO": "3000",
    "SERIE ": "2074022",
    "FECHA DE CALIBRACION": "2024-12-27 00:00:00",
    "FECHA PROXIMA CALIBRACIÓN": "2025-12-27 00:00:00",
    "ESTADO": "CERTIFICADO",
    "RANGO": "0-1000 PSI",
    "ORIGEN": "VST1"
  },
  {
    "IDENTIFICACIÓN": "TP-002",
    "EQUIPO  /  INSTRUMENTO": "TRANSMISOR DE PRESION CON INDICACION DIGITAL",
    "FABRICANTE": "APLISENS",
    "CERTIFICADO No. ": "MIS-LP-2024-12-1890",
    "MODELO": "PCE-28",
    "SERIE ": "11121025",
    "FECHA DE CALIBRACION": "2024-12-27 00:00:00",
    "FECHA PROXIMA CALIBRACIÓN": "2025-12-27 00:00:00",
    "ESTADO": "CERTIFICADO",
    "RANGO": "0-5000 PSI",
    "ORIGEN": "VST1"
  },
  {
    "IDENTIFICACIÓN": "TP-003",
    "EQUIPO  /  INSTRUMENTO": "TRANSMISOR DE PRESION CON INDICACION DIGITAL",
    "FABRICANTE": "SINTEK",
    "CERTIFICADO No. ": "PLAB-23-480",
    "MODELO": "-",
    "SERIE ": "NPIR-23-155",
    "FECHA DE CALIBRACION": "2023-05-16 00:00:00",
    "FECHA PROXIMA CALIBRACIÓN": "2024-05-15 00:00:00",
    "ESTADO": "VENCIDO",
    "RANGO": "0-15000 PSI",
    "ORIGEN": "VST1"
  },
  {
    "IDENTIFICACIÓN": "CEC-005",
    "EQUIPO  /  INSTRUMENTO": "DINAMOMETRO",
    "FABRICANTE": "TRUMAX",
    "CERTIFICADO No. ": "8472",
    "MODELO": "vst-3000 // SC-2,5KLB",
    "SERIE ": "V00220 // 2301129900",
    "FECHA DE CALIBRACION": "2025-05-09 00:00:00",
    "FECHA PROXIMA CALIBRACIÓN": "2026-05-09 00:00:00",
    "ESTADO": "CERTIFICADO",
    "RANGO": "1,1 TONELADAS",
    "ORIGEN": "VST2"
  },
  {
    "IDENTIFICACIÓN": "CEC-006",
    "EQUIPO  /  INSTRUMENTO": "DINAMOMETRO",
    "FABRICANTE": "VALSER / TEK",
    "CERTIFICADO No. ": "7967",
    "MODELO": "516 2 t",
    "SERIE ": "17080195",
    "FECHA DE CALIBRACION": "2024-06-05 00:00:00",
    "FECHA PROXIMA CALIBRACIÓN": "2025-06-05 00:00:00",
    "ESTADO": "VENCIDO",
    "RANGO": "2 TONELADAS",
    "ORIGEN": "VST2"
  },
  {
    "IDENTIFICACIÓN": "CEC-007",
    "EQUIPO  /  INSTRUMENTO": "DINAMOMETRO",
    "FABRICANTE": "TRUMAX",
    "CERTIFICADO No. ": "8217",
    "MODELO": "SG-5T",
    "SERIE ": "2309210270",
    "FECHA DE CALIBRACION": "2024-11-15 00:00:00",
    "FECHA PROXIMA CALIBRACIÓN": "2025-11-15 00:00:00",
    "ESTADO": "CERTIFICADO",
    "RANGO": "5 TONELADAS",
    "ORIGEN": "VST2"
  },
  {
    "IDENTIFICACIÓN": "TP-004",
    "EQUIPO  /  INSTRUMENTO": "TRANSMISOR DE PRESION CON INDICACION DIGITAL",
    "FABRICANTE": "DANFOSS",
    "CERTIFICADO No. ": "MIS-LP-2024-12-1760",
    "MODELO": "MBS3000",
    "SERIE ": "92833390",
    "FECHA DE CALIBRACION": "2024-12-14 00:00:00",
    "FECHA PROXIMA CALIBRACIÓN": "2025-12-14 00:00:00",
    "ESTADO": "CERTIFICADO",
    "RANGO": "0-145 PSI",
    "ORIGEN": "VST2"
  },
  {
    "IDENTIFICACIÓN": "TP-008",
    "EQUIPO  /  INSTRUMENTO": "TRANSMISOR DE PRESION CON INDICACION DIGITAL",
    "FABRICANTE": "DANFOSS",
    "CERTIFICADO No. ": "MIS-LP-2024-12-1617",
    "MODELO": "MBS3000",
    "SERIE ": "051950519282",
    "FECHA DE CALIBRACION": "2024-12-02 00:00:00",
    "FECHA PROXIMA CALIBRACIÓN": "2025-12-02 00:00:00",
    "ESTADO": "CERTIFICADO",
    "RANGO": "0-870PSI",
    "ORIGEN": "VST2"
  },
  {
    "IDENTIFICACIÓN": "TP-009",
    "EQUIPO  /  INSTRUMENTO": "TRANSMISOR DE PRESION CON INDICACION DIGITAL",
    "FABRICANTE": "DANFOSS",
    "CERTIFICADO No. ": "MIS-LP-2024-09-1204",
    "MODELO": "MBS3000",
    "SERIE ": "20275210",
    "FECHA DE CALIBRACION": "2024-09-20 00:00:00",
    "FECHA PROXIMA CALIBRACIÓN": "2025-09-20 00:00:00",
    "ESTADO": "CERTIFICADO",
    "RANGO": "0-3625 PSI",
    "ORIGEN": "VST2"
  }
]